{
  "model": "SVM",
  "best_params": {
    "C": 100,
    "epsilon": 1,
    "gamma": "scale",
    "kernel": "linear"
  },
  "test_metrics": {
    "mae": 282.0985670171911,
    "rmse": 427.226099048798,
    "r2": 0.4093588637290051,
    "mmre": 667.1334374694572,
    "mdmre": 230.69124999498968,
    "sa": 15.384615384615385
  },
  "cv_metrics": {
    "best_cv_rmse": 1305.2414052811341
  }
}