{
  "model": "Decision Tree",
  "test_metrics": {
    "mae": 475.4441490373662,
    "rmse": 1609.3927649107975,
    "r2": 0.9138272638838416,
    "mmre": 22.492594441076278,
    "mdmre": 11.229954632719748,
    "sa": 82.0
  },
  "cv_metrics": {
    "best_cv_rmse": 1219.7636065906208,
    "cv_folds": 5
  },
  "best_params": {
    "max_depth": 5,
    "max_features": null,
    "min_samples_leaf": 1,
    "min_samples_split": 5,
    "splitter": "best"
  },
  "data_info": {
    "train_samples": 399,
    "test_samples": 100,
    "n_features": 17,
    "target_mean": 3921.048096192385,
    "target_std": 6480.855599912643
  }
}