{
  "model": "SVM",
  "best_params": {
    "C": 100,
    "epsilon": 0.01,
    "gamma": "scale",
    "kernel": "linear"
  },
  "test_metrics": {
    "mae": 1370.8281183443003,
    "rmse": 2664.8379496748407,
    "r2": 0.2986693924873167,
    "mmre": 82.8409122975652,
    "mdmre": 46.588423129393355,
    "sa": 25.925925925925924
  },
  "cv_metrics": {
    "best_cv_rmse": 5918.529086462813
  }
}