{
  "model": "Decision Tree",
  "best_params": {
    "max_depth": 5,
    "max_features": "sqrt",
    "min_samples_leaf": 1,
    "min_samples_split": 5,
    "splitter": "random"
  },
  "test_metrics": {
    "mae": 2760.140625,
    "rmse": 3884.257705344522,
    "r2": -0.056171887625865224,
    "mmre": 45.342384929734216,
    "mdmre": 38.30481433580783,
    "sa": 37.5
  },
  "cv_metrics": {
    "best_cv_rmse": 2929.00741462439
  }
}